method,n_interactions,accuracy,coverage,calibration_error,high_confidence_error_rate
retrieval_weighted_vote,0,0.0,0.0,0.0,0.0
learned_real_only,0,0.3557142857142857,1.0,0.04839024511416208,0.0
learned_synthetic_augmented,0,0.3557142857142857,1.0,0.04527810855118235,0.0
retrieval_weighted_vote,1,0.12285714285714286,0.14285714285714285,0.015594266933040224,0.14
learned_real_only,1,0.4328571428571429,1.0,0.04264925525960572,0.011428571428571429
learned_synthetic_augmented,1,0.43142857142857144,1.0,0.02747209246799443,0.005714285714285714
retrieval_weighted_vote,3,0.2985714285714286,0.35714285714285715,0.01728467755609488,0.136
learned_real_only,3,0.5342857142857143,1.0,0.034360154636054734,0.024285714285714285
learned_synthetic_augmented,3,0.5228571428571429,1.0,0.012004038368876391,0.014285714285714285
retrieval_weighted_vote,5,0.4357142857142857,0.5157142857142857,0.01915265897719928,0.11911357340720222
learned_real_only,5,0.6228571428571429,1.0,0.0289822011070471,0.025714285714285714
learned_synthetic_augmented,5,0.6057142857142858,1.0,0.031020882254473754,0.022857142857142857
retrieval_weighted_vote,10,0.6614285714285715,0.7614285714285715,0.03508286841203401,0.08630393996247655
learned_real_only,10,0.7428571428571429,1.0,0.026673984420693103,0.03428571428571429
learned_synthetic_augmented,10,0.72,1.0,0.034627567171146935,0.03857142857142857
retrieval_weighted_vote,20,0.8542857142857143,0.9457142857142857,0.0668845298441525,0.03625377643504532
learned_real_only,20,0.8471428571428572,1.0,0.02386949317737112,0.03857142857142857
learned_synthetic_augmented,20,0.8385714285714285,1.0,0.025836665477815338,0.04285714285714286
retrieval_weighted_vote,50,0.9628571428571429,1.0,0.07902061948061281,0.004285714285714286
learned_real_only,50,0.9528571428571428,1.0,0.028884185316018194,0.02857142857142857
learned_synthetic_augmented,50,0.9342857142857143,1.0,0.027350490282389363,0.03428571428571429
