seed,n_interactions,context_accuracy
7,3,0.5285714285714286
7,5,0.5904761904761905
7,10,0.7038095238095238
7,20,0.8061904761904762
7,50,0.900952380952381
13,3,0.5071428571428571
13,5,0.5828571428571429
13,10,0.6919047619047619
13,20,0.7914285714285715
13,50,0.8823809523809524
29,3,0.5266666666666666
29,5,0.5838095238095238
29,10,0.7
29,20,0.799047619047619
29,50,0.8828571428571428
41,3,0.4957142857142857
41,5,0.579047619047619
41,10,0.7057142857142857
41,20,0.8152380952380952
41,50,0.8823809523809524
73,3,0.5042857142857142
73,5,0.5547619047619048
73,10,0.6928571428571428
73,20,0.8038095238095238
73,50,0.8661904761904762
